Layer,Score
Physical,0.31837665929203535
Sensor,0.7694318653207964
Data,0.7954447248340707
Middleware,1.130552713849903
Decision,1.7706568895188048
Application,1.4016642612693584
Social_Interface,0.4730008555724557
