Layer,Score
Physical,0.3261545907079645
Sensor,0.31129009955752207
Data,0.43001158047566373
Middleware,0.623357992256637
Decision,0.31111725663716816
Application,0.8363868915929202
Social_Interface,0.350871128318584
