Layer,Score
Physical,0.07605088495575221
Sensor,0.05600110619469026
Data,0.273091814159292
Middleware,0.22123893805309736
Decision,0.0
Application,1.1795503059319687
Social_Interface,0.4387833586836283
