Platform,CRR,CCI,CRR_Mean_MC,CRR_Std_MC,CRR_CI_Lower,CRR_CI_Upper
Digit,0.05808009801129016,0.9419199019887099,0.06056082287647645,0.0069455321283528855,0.048065365865466156,0.07430274795727405
G1_EDU,0.04396909710665803,0.956030902893342,0.05717830664911739,0.006460264042236904,0.04576321904562788,0.07134743545069037
Pepper,0.06398365022919764,0.9360163497708024,0.07897363743530356,0.008552026472578387,0.06460985011462743,0.09774197795486765
