Model,CRR,CCI
GeometricMean,0.05808009801129016,0.9419199019887099
Weighted(α=0.50),0.055959946744262024,0.944040053255738
Maximum,0.06680531791870008,0.9331946820813
NoisyOR,0.08842448369472063,0.9115755163052793
