Robot,Mean,Std,Min,Max
G1_EDU,0.48953905958970206,0.016940644043801537,0.4444632256678417,0.5416231739169154
Pepper,0.3988072704245632,0.018255085386363754,0.3447870158802782,0.45024600167526235
Digit,0.8246434640258524,0.009905331381959183,0.7964442083154002,0.8512895003287141
